ID,Name,PhotoUrl
711920466,Jeffrey Hawkins,https://randomuser.me/api/portraits/men/30.jpg
850178636,Diane George,https://randomuser.me/api/portraits/women/30.jpg
579521119,Louise Peters,https://randomuser.me/api/portraits/women/56.jpg
209363349,Erica Gilbert,https://randomuser.me/api/portraits/women/92.jpg
665364999,Dustin Henry,https://randomuser.me/api/portraits/men/31.jpg
129051455,Joe Fernandez,https://randomuser.me/api/portraits/men/88.jpg
850544027,Brianna Peck,https://randomuser.me/api/portraits/women/42.jpg
388066506,Eugene Myers,https://randomuser.me/api/portraits/men/15.jpg
373601494,Carmen Lopez,https://randomuser.me/api/portraits/women/86.jpg
731407693,Gabe Gonzales,https://randomuser.me/api/portraits/men/23.jpg
